<?xml version="1.0"?>
<doc>
    <assembly>
        <name>csGPIO</name>
    </assembly>
    <members>
        <member name="T:csGPIO.BoardInfo">
            <summary>
            This class contains RPI board information needed for the GPIO implementation
            BoardInfo basically parses a harware type string
            found in raspberry pi cpuinfo file. It automatically
            extracts Model, Type, memory config and IO address space
            </summary>
        </member>
        <member name="P:csGPIO.BoardInfo.IOBase">
            <summary>
            Proerty that holds the current IO memory offset address
            </summary>
            <value>Returns a memory address</value>
        </member>
        <member name="P:csGPIO.BoardInfo.BoardTypeName">
            <summary>
            Returns the Raspberry PI model name
            </summary>
            <value>Raspberry pi model name as string</value>
        </member>
        <member name="T:csGPIO.BoardInfo.ProcessorId">
            <summary>
            This enum holds the valid SoC chipsets used in RPi
            </summary>
        </member>
        <member name="F:csGPIO.BoardInfo.ProcessorId.BCM2835">
            <summary>
            BCM2835 - The original Rapberry Pi Soc
            </summary>
        </member>
        <member name="F:csGPIO.BoardInfo.ProcessorId.BCM2836">
            <summary>
            BCM2836 - Dual core used in RPi 2
            </summary>
        </member>
        <member name="F:csGPIO.BoardInfo.ProcessorId.BCM2837">
            <summary>
            BCM2837 - Quad core SoC used in Pi 3 and later Pi2 models
            </summary>
        </member>
        <member name="P:csGPIO.BoardInfo.ProcessorName">
            <summary>
            Returns valid SoC names
            </summary>
        </member>
        <member name="T:csGPIO.BoardInfo.ManufacturerId">
            <summary>
            Returns the current boards manufacturer
            </summary>
            <remarks>The 'Qisda' was not mentioned in a manufacturer list, but
            lists from Pi1's might indicate it is a discontinued manufacturer?</remarks>
        </member>
        <member name="F:csGPIO.BoardInfo.ManufacturerId.Unknown">
            <summary>Unknown manufacturer</summary>
        </member>
        <member name="F:csGPIO.BoardInfo.ManufacturerId.SonyUK">
            <summary>Manufactured by Sony UK</summary>
        </member>
        <member name="F:csGPIO.BoardInfo.ManufacturerId.Egoman">
            <summary>Manufactured by Egoman</summary>
        </member>
        <member name="F:csGPIO.BoardInfo.ManufacturerId.Embest">
            <summary>Manufactured by Embest</summary>
        </member>
        <member name="F:csGPIO.BoardInfo.ManufacturerId.SonyJapan">
            <summary>Manufactured by Sony Japan</summary>
        </member>
        <member name="F:csGPIO.BoardInfo.ManufacturerId.Embest2">
            <summary>Manufactured by Embest</summary>
        </member>
        <member name="F:csGPIO.BoardInfo.ManufacturerId.Stadium">
            <summary>Manufactured by Stadium</summary>
        </member>
        <member name="F:csGPIO.BoardInfo.ManufacturerId.Qisda">
            <summary>Manufactured by Qisda</summary>
        </member>
        <member name="P:csGPIO.BoardInfo.ManufacturerName">
            <summary>Fetches manufacturer names as string</summary>
        </member>
        <member name="M:csGPIO.BoardInfo.CreateBoardInfo(System.String)">
            <summary>
            Parses the revision code returned in /proc/cpuinfo
            </summary>
            <param name="revisionCode">Parses board info from revision code string</param>
            <returns>Returns a BoardInfo object</returns>
            <created>gr,23.08.2018</created>
        </member>
        <member name="M:csGPIO.BoardInfo.#ctor">
            <summary>
            Default constructor. Hides the public one.
            </summary>
            <returns></returns>
            <created>gr,23.08.2018</created>
        </member>
        <member name="M:csGPIO.BoardInfo.#ctor(csGPIO.BoardInfo.ManufacturerId,System.Int32,csGPIO.BoardInfo.ProcessorId,System.Int32,System.String)">
            <summary>
            Helper constructor ment for internal class initialization
            </summary>
            <param name="manu">The manufacturer ID</param>
            <param name="mem">Memory size in MB</param>
            <param name="proc">SoC type</param>
            <param name="board">Board ID</param>
            <param name="rev">Board revision</param>
            <returns></returns>
            <created>gr,23.08.2018</created>
        </member>
        <member name="P:csGPIO.BoardInfo.Manufacturer">
            <summary>Returns the current manufacturer</summary>
        </member>
        <member name="P:csGPIO.BoardInfo.MemorySize">
            <summary>Returns current memory size in MB</summary>
        </member>
        <member name="P:csGPIO.BoardInfo.Processor">
            <summary>Returns the SoC type</summary>
        </member>
        <member name="P:csGPIO.BoardInfo.BoardType">
            <summary>Returns current RPi board type</summary>
        </member>
        <member name="P:csGPIO.BoardInfo.Revision">
            <summary>Returns current board revision</summary>
        </member>
        <member name="T:csGPIO.CLI">
            <summary>
            Implementation of e command line interface. 
            This implementation uses the console as input/output
            </summary>
            <see cref="T:csGPIO.CommandParser"/>
        </member>
        <member name="M:csGPIO.CLI.#ctor">
            <summary>
            Default constructor. Calls the base() constructor and
            starts parsing commands
            </summary>
            <returns></returns>
            <created>gr,23.08.2018</created>
        </member>
        <member name="M:csGPIO.CLI.ConsoleInput">
            <summary>
            Reads input from keyboard. It reads a full line before 
            the parsing begins
            </summary>
            <returns>The string typed on a kayboard</returns>
            <created>gr,23.08.2018</created>
        </member>
        <member name="M:csGPIO.CLI.ConsoleOutput(System.String)">
            <summary>
            Writes text to the connected console (text terminal).
            </summary>
            <param name="text">The text to display</param>
            <created>gr,23.08.2018</created>
        </member>
        <member name="M:csGPIO.CLI.ConsoleOutput(System.String,System.Boolean)">
            <summary>
            Writes text on the connected text console-
            </summary>
            <see cref="M:csGPIO.CLI.ConsoleOutput(System.String)"/>
            <param name="text">The text to display</param>
            <param name="newLine">Adds a NEWLINE if true</param>
            <created>gr,23.08.2018</created>
        </member>
        <member name="T:csGPIO.CommandParser">
            <summary>
            This is the main CLI command parser.
            The current implementation has no context, so the user
            must send full commands. Future version will have a context
            somewhat similar to Cisco CLI
            </summary>
        </member>
        <member name="M:csGPIO.CommandParser.ConsoleOutput(System.String)">
            <summary>
            Declaration of abstract method that any CLI must implement
            </summary>
            <param name="text">Text to send to CLI output</param>
            <created>gr,23.08.2018</created>
        </member>
        <member name="M:csGPIO.CommandParser.ConsoleOutput(System.String,System.Boolean)">
            <summary>
            Declaration of abstract method that any CLI must implement
            </summary>
            <param name="text">Text to send to CLI output</param>
            <param name="newLine">If true, a NEWLINE should be appended to the text</param>
            <created>gr,23.08.2018</created>
        </member>
        <member name="M:csGPIO.CommandParser.ConsoleInput">
            <summary>
            Declaration of abstract method that any CLI must implement
            </summary>
            <returns>The recieved command string from the connected CLI implementation</returns>
            <created>gr,23.08.2018</created>
        </member>
        <member name="M:csGPIO.CommandParser.StartParsingCommands">
            <summary>
            Starts the CLI command parser on running thread
            </summary>
            <created>gr,23.08.2018</created>
        </member>
        <member name="M:csGPIO.CommandParser.StartParsingCommandsAsync">
            <summary>
            Starts the CLI command parser on a new thread (Task)
            </summary>
            <created>gr,23.08.2018</created>
        </member>
        <member name="M:csGPIO.CommandParser.CommandParsing">
            <summary>
            Asynchronus CLI parser thread
            </summary>
        </member>
        <member name="M:csGPIO.CommandParser.PrintHelp">
            <summary>
            Outputs help information on available commands
            </summary>
            <created>gr,23.08.2018</created>
        </member>
        <member name="M:csGPIO.CommandParser.ParseCommand(System.String)">
            <summary>
            The main command parser. It has two formats:
            <para>1) Special commands: (A)ll, (H)elp, (I)nter, (L)ogging and (Q)uit. You can write the entire command
            or just type the letter in ()
            <list type="bullet">
            <item>
            <term>(A)ll</term>
            <description>Lists or updates ALL GPIO pins. 'all high' sets all pins high, 'all low' sets all pins low. 'all' lists values for all pins</description>
            </item>
            <item>
            <term>(H)elp</term>
            <description>Outputs the valid commands</description>
            </item>
            <item>
            <term>(I)nter</term>
            <description>Dumps the Pin Event Detect Status registers</description>
            </item>
            <item>
            <term>(L)ogging</term>
            <description>Sets log level. Valid levels are: TRACE, DEBUG, INFO, WARN, ERROR and CRITICAL</description>
            </item>
            <item>
            <term>(Q)uit</term>
            <description>Terminates the GPIO emulator</description>
            </item>
            </list>
            </para>
            <para>2) Pin based commands. This is where you manipulate a single pin.
            Remember that this is an EMULATOR, so it does NOT check wether a certain pin is
            configured as OUTPUT, INPUT or ALT, it just does what you tell it to do.
            Syntax: 'pin command parameter'. Where pin range from 0 to 53 inclusive
            Valid commands are:
            <list type="bullet">
            <item>
            <term>(H)igh or '1'</term>
            <description>Sets the pin HIGH</description>
            </item>
            <item>
            <term>(L)ow or '0'</term>
            <description>Sets the pin LOW</description>
            </item>
            <item>
            <term>(T)oggle</term>
            <description>Toggles the pin</description>
            </item>
            <item>
            <term>(S)ingle</term>
            <description>Latches the pin from LOW to HIGH and back to LOW. 1 sec duty cycle</description>
            </item>
            <item>
            <term>(P)ulse freq</term>
            <description>Pulses the pin in the specified frequency. Valid frequency is 0.1 - 200000 Hz (do not add the Hz keyword)</description>
            </item>
            <item>
            <term>(M)onitor</term>
            <description>Notify on changes to pin</description>
            </item>
            <item>
            <term>(R)ead</term>
            <description>Read the current value on the pin</description>
            </item>
            </list>
            </para>
            </summary>
            <param name="cmdToParse">The command to parse</param>
            <returns>true if parsing should continue. False if emulator should terminate (quit command)</returns>
            <created>gr,23.08.2018</created>
        </member>
        <member name="M:csGPIO.CommandParser.Shutdown">
            <summary>
            Call this to shut down the command parser
            </summary>
        </member>
        <member name="M:csGPIO.CommandParser.OnPinChangedHandler(System.Object,csGPIO.PinChangedEventArgs)">
            <summary>
            Used for a special edge detect case where you want to recieve ANY changes
            for ANY ports
            </summary>
            <param name="caller">The object that made the call</param>
            <param name="e">Information on the event</param>
            <see cref="T:csGPIO.PinChangedEventArgs"/>
            <created>gr,23.08.2018</created>
        </member>
        <member name="T:csGPIO.GPIO">
            <summary>
            Main class for GPIO stuff
            This is the main abstraction between your program and either a hardware GPIO
            or my emulator. You should never implement GPIOEmu in your client code, only
            in a stub to start a stand alone emulater on non-pi systems.
            </summary>
            <seealso cref="T:csGPIO.GPIOEmu"/>
        </member>
        <member name="F:csGPIO.GPIO._log">
            <summary>
            Internal log object
            </summary>
            <returns>ILogger</returns>
        </member>
        <member name="F:csGPIO.GPIO._IOmmf">
            <summary>
            Used internally for reading memory mapped files. 
            </summary>
        </member>
        <member name="F:csGPIO.GPIO._emulatorAccessor">
            <summary>
            Used internally for reading emulator registry. 
            </summary>
        </member>
        <member name="F:csGPIO.GPIO.EMUALTOR_BASE">
            <summary>Base address of EMULATOR in MM file</summary>
        </member>
        <member name="F:csGPIO.GPIO.EMULATOR_REGISTER_LENGTH">
            <summary></summary>
        </member>
        <member name="F:csGPIO.GPIO.EMULATOR_UPDATE_REGISTER_OFFSET">
            <summary></summary>
        </member>
        <member name="F:csGPIO.GPIO.EMULATOR_PEDS_UPDATE_FLAG">
            <summary></summary>
        </member>
        <member name="F:csGPIO.GPIO.EmulatorUpdateLock">
            <summary></summary>
        </member>
        <member name="F:csGPIO.GPIO._SystAccessor">
            <summary></summary>
        </member>
        <member name="F:csGPIO.GPIO.SYST_REGISTER_LENGTH">
            <summary></summary>
        </member>
        <member name="F:csGPIO.GPIO.SYST_BASE">
            <summary></summary>
        </member>
        <member name="F:csGPIO.GPIO.SYST_CS">
            <summary></summary>
        </member>
        <member name="F:csGPIO.GPIO.SYST_CLOCK">
            <summary></summary>
        </member>
        <member name="F:csGPIO.GPIO.SYST_CHI">
            <summary></summary>
        </member>
        <member name="F:csGPIO.GPIO._IOAccessor">
            <summary></summary>
        </member>
        <member name="F:csGPIO.GPIO.GPIO_BASE">
            <summary></summary>
        </member>
        <member name="F:csGPIO.GPIO.GPIO_REGISTER_LENGTH">
            <summary></summary>
        </member>
        <member name="F:csGPIO.GPIO.GPIO_MIN_BCM_PORT">
            <summary>Minimal number if Broadcom GPIO ports</summary>
        </member>
        <member name="F:csGPIO.GPIO.GPIO_MAX_BCM_PORTS">
            <summary>Maximum number if Broadcom GPIO ports. Now why the h...l is this not
            53? No because it IS 54 ports</summary>
        </member>
        <member name="F:csGPIO.GPIO.GPIO_PIN_OUT_SET_OFFSET">
            <summary></summary>
        </member>
        <member name="F:csGPIO.GPIO.GPIO_PIN_OUT_CLR_OFFSET">
            <summary></summary>
        </member>
        <member name="F:csGPIO.GPIO.GPIO_PIN_LEVEL_RD_OFFSET">
            <summary></summary>
        </member>
        <member name="F:csGPIO.GPIO.GPIO_PIN_PULLUPDN_CTRL_OFFSET">
            <summary></summary>
        </member>
        <member name="F:csGPIO.GPIO.GPIO_PIN_PULLUPDN_SET_OFFSET">
            <summary></summary>
        </member>
        <member name="F:csGPIO.GPIO.GPIO_PEDS_OFFSET">
            <summary></summary>
        </member>
        <member name="F:csGPIO.GPIO.GPIO_RED_ENABLE">
            <summary></summary>
        </member>
        <member name="F:csGPIO.GPIO.GPIO_FED_ENABLE">
            <summary></summary>
        </member>
        <member name="F:csGPIO.GPIO.GPIO_HD_ENABLE">
            <summary></summary>
        </member>
        <member name="F:csGPIO.GPIO.GPIO_LD_ENABLE">
            <summary></summary>
        </member>
        <member name="F:csGPIO.GPIO.GPIO_ARED_ENABLE">
            <summary></summary>
        </member>
        <member name="F:csGPIO.GPIO.GPIO_AFED_ENABLE">
            <summary></summary>
        </member>
        <member name="F:csGPIO.GPIO._boardInfo">
            <summary>Holds the current board info</summary>
        </member>
        <member name="F:csGPIO.GPIO._maskedForEventNotification">
            <summary>PEDS interrupt mask.false only pins with bit set receives interrupt</summary>
        </member>
        <member name="F:csGPIO.GPIO._maskedSoftPWMEnabled">
            <summary>Bit mask for running Soft-PWM</summary>
        </member>
        <member name="F:csGPIO.GPIO._maskedSoftPWMStopped">
            <summary>Bit mask flag for PWM stopped</summary>
        </member>
        <member name="F:csGPIO.GPIO._shuttingDown">
            <summary>Flags that the GPIO abstraction layer is shutting down</summary>
        </member>
        <member name="F:csGPIO.GPIO._timer">
            <summary>Internal timer</summary>
        </member>
        <member name="M:csGPIO.GPIO.#ctor">
            <summary>
            Default constructor. Starts a default GPIO that communicates with a real
            BCM28xx IO system
            </summary>
            <returns></returns>
            <created>gr,24.08.2018</created>
        </member>
        <member name="M:csGPIO.GPIO.#ctor(System.Boolean)">
            <summary>
            Default constructor. Starts a default GPIO that communicates with a real
            BCM28xx IO system
            </summary>
            <param name="emulatedMode">True indicates that you try to use a EMULATED GPIO.
            NOTE: You must start one in a separate process, or exceptions WILL come your way</param>
            <returns></returns>
            <created>gr,24.08.2018</created>
        </member>
        <member name="M:csGPIO.GPIO.GetInstance">
            <summary>
            The GPIO implementation follows a singleton pattern. You can only have ONE
            physical GPIO.. because I say so, technicallities are NOT welcome.
            </summary>
            <returns>A suitable GPIO instance</returns>
            <created>gr,24.08.2018</created>
        </member>
        <member name="M:csGPIO.GPIO.GetInstance(System.Boolean)">
            <summary>
            Returns a suitable GPIO instance.  
            </summary>
            <param name="emulated">If True an EMULATED GPIO is instantiated. 
            Again, please have an EMULATOR running...</param>
            <returns>The emulator of your choice</returns>
            <created>gr,24.08.2018</created>
        </member>
        <member name="M:csGPIO.GPIO.ValidateAndXlatePIN(System.Int32,csGPIO.GPIO.PinMode)">
            <summary>
            Check validity of selected PIN + translate from GPIO to BCM numbering
            for internal GPIO_xxx functions
            </summary>
            <param name="pin">YOUR definition of a PIN (BCM or BOARD(</param>
            <param name="mode">The intended usage mode for this event</param>
            <returns>MY definition of a PIN (BCM)</returns>
            <see cref="T:csGPIO.GPIO.PinMode"/>
            <created>gr,24.08.2018</created>
        </member>
        <member name="M:csGPIO.GPIO.IsEmulated">
            <summary>
            A helper to clarify the operating environment
            </summary>
            <returns>True if you run on an EMULATOR</returns>
            <created>gr,24.08.2018</created>
        </member>
        <member name="M:csGPIO.GPIO.GetEmulatedBoard">
            <summary>
            The EMULATED GPIO runs as a Raspberry Pi 3B+. That id string is hard coded.
            period.
            </summary>
            <returns>BoardInfo for a RPi 3B+</returns>
            <see cref="T:csGPIO.BoardInfo"/>
            <created>gr,24.08.2018</created>
        </member>
        <member name="M:csGPIO.GPIO.LoadBoardInfo">
            <summary>
            Loads board info by parsing /proc/cpuinfo
            </summary>
            <returns>BoardInfo for your piece of kit</returns>
            <created>gr,24.08.2018</created>
        </member>
        <member name="M:csGPIO.GPIO.MapIOMemory">
            <summary>
            Do memory mapping of GPIO registers.
            Also checks for root or sudo to determine if we should use
            dev/gpiomem (no sudo or root) or /dev/mem.
            dev/mem gives more functionallity
            </summary>
            <remarks>Windows have something called 'Named Memory Mapped Files' that is NOT
            files, and it does NOT work on Unix</remarks>
            <created>gr,24.08.2018</created>
        </member>
        <member name="T:csGPIO.GPIO.PinChangedEvent">
            <summary>
            A delegate for a PIN changed event. This event is raised whenever a PIN changes
            value, and it catches ALL pin changes. I do not know why you would wanna
            subscribe to this, as the pins can go HIGH/LOW on its own all the time,
            unless you have a pull up/down on all GPIO pins.
            </summary>
            <param name="sender">Return here...</param>
            <param name="e">What ping changed?</param>
            <see cref="T:csGPIO.PinChangedEventArgs"/>
            <created>gr,24.08.2018</created>
        </member>
        <member name="E:csGPIO.GPIO.PinChanged">
            <summary>The PinChangedEvent. Happens when you least expect it to...</summary>
        </member>
        <member name="M:csGPIO.GPIO.OnPinChanged(csGPIO.PinChangedEventArgs)">
            <summary>
            This event is fired whenever there is an interrupt. 
            </summary>
            <param name="e">Who changed?</param>
            <see cref="T:csGPIO.PinChangedEventArgs"/>
            <seealso cref="T:csGPIO.GPIO.PinChangedEvent"/>
            <created>gr,24.08.2018</created>
        </member>
        <member name="M:csGPIO.GPIO.SetEventDetectHandler(csGPIO.GPIO.PinEventStruct)">
            <summary>
            OK, so you do not want to monitor ALL changes? Then this is thegoto-method.
            It will set up a real interrupt on a Pi, and a SOFT interrupt on the EMU.
            Is will also update an interrupt MASK, so only subscribed interrupts
            are handled.
            </summary>
            <param name="arg">The settings for Edge Detection</param>
            <see cref="T:csGPIO.GPIO.PinEventStruct"/>
            <created>gr,24.08.2018</created>
        </member>
        <member name="M:csGPIO.GPIO.ClearEventDetectHandler(csGPIO.GPIO.PinEventStruct)">
            <summary>
            You no longer want to track Edge changes, so you make a call to this method.
            It clear the interrupt mask, and stops handling interrupts for the specified pin.
            </summary>
            <param name="arg">The settings for Edge Detection</param>
            <see cref="T:csGPIO.GPIO.PinEventStruct"/>
            <created>gr,24.08.2018</created>
        </member>
        <member name="M:csGPIO.GPIO.EventHandler">
            <summary>
            OK, so interrupts from the GPIO are not magically calling a method in my GPIO
            implementation. I'm lazy, I do not want to create a kernel module, so I am left
            in user land. Here you cannot tweak interrupt tables, and have to poll the
            GPIO Pin Edge Detection Status register for changes.
            This is the PEDS register pollah
            </summary>
            <created>gr,24.08.2018</created>
        </member>
        <member name="M:csGPIO.GPIO.UpdateEventHandler(csGPIO.GPIO.PinEventStruct,System.Boolean)">
            <summary>
            When you subscribe or unsubscribe to Edge Detects, this method makes it all happen.
            </summary>
            <param name="arg">Settings for the pin to update</param>
            <param name="setBit">True if you want to ENABLE PE detection, and False if
            you want to CLEAR (unsubscribe)</param>
            <created>gr,24.08.2018</created>
        </member>
        <member name="M:csGPIO.GPIO.GPIO_READ_SELECTOR_DATA(System.Int32)">
            <summary>
            Reads the GPIO PIN selector register. This register tells if a pin is used as
            INPU, OUTPUT or and ALTernative function.
            </summary>
            <param name="pin">The PIN data to read</param>
            <returns>Current selector value</returns>
            <created>gr,24.08.2018</created>
        </member>
        <member name="M:csGPIO.GPIO.GPIO_WRITE_SELECTOR_DATA(System.Int32,System.Int32)">
            <summary>
            This method sets the PIN function
            </summary>
            <param name="pin">The pin to setup</param>
            <param name="value">3 bit value for IN, OUT and ALTx</param>
            <seealso cref="M:csGPIO.GPIO.GPIO_READ_SELECTOR_DATA(System.Int32)"/>
            <created>gr,24.08.2018</created>
        </member>
        <member name="M:csGPIO.GPIO.GPIO_GET_MODE(System.Int32)">
            <summary>
            Reads the GPIO PIN mode for the selected pin. 
            </summary>
            <param name="pin">The PIN data to read</param>
            <returns>Current mode value</returns>
            <seealso cref="M:csGPIO.GPIO.GPIO_READ_SELECTOR_DATA(System.Int32)"/>
            <created>gr,24.08.2018</created>
        </member>
        <member name="M:csGPIO.GPIO.GPIO_SET_MODE(System.Int32,csGPIO.GPIO.PinMode)">
            <summary>
            This method sets the PIN mode. It first reads the selector register, then 
            adds this mode and writes it back.
            </summary>
            <param name="pin">The pin to setup</param>
            <param name="mode">3 bit value for IN, OUT and ALTx</param>
            <seealso cref="M:csGPIO.GPIO.GPIO_WRITE_SELECTOR_DATA(System.Int32,System.Int32)"/>
            <seealso cref="T:csGPIO.GPIO.PinMode"/>
            <created>gr,24.08.2018</created>
        </member>
        <member name="M:csGPIO.GPIO.GPIO_CLEAR_ALL_INTERRUPTS">
            <summary>
            Used when the GPIO is shutting down. Unsubscribes to ALL Edge Detect events
            </summary>
            <created>gr,24.08.2018</created>
        </member>
        <member name="M:csGPIO.GPIO.GPIO_UPDATE_REGISTER_BIT(System.Int32,System.Int32,System.Boolean)">
            <summary>
            A helper method to set/unset a bit in a register. A lot of the GPIO registers
            are bit masked where each pin has its own bit.
            </summary>
            <param name="baseAddress">Where to update</param>
            <param name="pin">What PIN are you changing?</param>
            <param name="setBit">Set or Unset the bit?</param>
            <created>gr,24.08.2018</created>
        </member>
        <member name="M:csGPIO.GPIO.GPIO_SET_PUPD_MODE(System.Int32,csGPIO.GPIO.PullUpDownMode)">
            <summary>
            Set Pull UP/DOWN on a pin. Not all pins support all pull modes. For a list
            see BCM2835 datasheet
            </summary>
            <remarks>The BCM28xx does not support reading back current PUD mode on pins</remarks>
            <param name="pin">The PIN to change</param>
            <param name="mode">PUD mode to set</param>
            <created>gr,24.08.2018</created>
        </member>
        <member name="M:csGPIO.GPIO.GPIO_SET_ALL_VALUES(System.Int32)">
            <summary>
            Nasty helper method. Mainly used by the EMULATOR, as I probably would not have
            called this on a physical GPIO instance
            </summary>
            <param name="pinValue">0 or 1. Applied on ALL 54 pins!</param>
            <created>gr,24.08.2018</created>
        </member>
        <member name="M:csGPIO.GPIO.GPIO_GET_ALL_VALUES">
            <summary>
            Helper method to read ALL pin values as a bit masked long. Handy.
            </summary>
            <returns>Values for ALL pins. Note only bits 0-53 inclusive us used</returns>
            <created>gr,24.08.2018</created>
        </member>
        <member name="M:csGPIO.GPIO.GPIO_GET_VALUE(System.Int32)">
            <summary>
            Reads the current pin value of the specified pin
            </summary>
            <param name="pin">The pin to query</param>
            <returns>HIGH or LOW. 1 or 0. True or False. Truth or Dare.</returns>
            <created>gr,24.08.2018</created>
        </member>
        <member name="T:csGPIO.GPIO.PinNumberingScheme">
            <summary>Valid port numbering schemes</summary>
        </member>
        <member name="F:csGPIO.GPIO.PinNumberingScheme.BCM">
            <summary>Broadcom scheme. Pins are numbered as their GPIO number</summary>
        </member>
        <member name="F:csGPIO.GPIO.PinNumberingScheme.BOARD">
            <summary>Board scheme. Pins are numbered as they are distributed on the 
            RPi GPIO header.</summary>
        </member>
        <member name="T:csGPIO.GPIO.PinMode">
            <summary>Valid PIN modes for GPIO</summary>
        </member>
        <member name="F:csGPIO.GPIO.PinMode.IN">
            <summary>INPUT</summary>
        </member>
        <member name="F:csGPIO.GPIO.PinMode.OUT">
            <summary>OUTPUT</summary>
        </member>
        <member name="F:csGPIO.GPIO.PinMode.ALT_5">
            <summary>ALT 5</summary>
        </member>
        <member name="F:csGPIO.GPIO.PinMode.ALT_4">
            <summary>ALT 4</summary>
        </member>
        <member name="F:csGPIO.GPIO.PinMode.ALT_0">
            <summary>ALT 0</summary>
        </member>
        <member name="F:csGPIO.GPIO.PinMode.ALT_1">
            <summary>ALT 1</summary>
        </member>
        <member name="F:csGPIO.GPIO.PinMode.ALT_2">
            <summary>ALT 2</summary>
        </member>
        <member name="F:csGPIO.GPIO.PinMode.ALT_3">
            <summary>ALT 3</summary>
        </member>
        <member name="T:csGPIO.GPIO.PullUpDownMode">
            <summary>Valid Pull Up/Down values. Pull up/down is actually
            connecting a resistor to either GND (pull down) or +3V3 (Pull Up)
            This is a high value resistor so the pin is not fried, and
            it is easy for you to pull the pin the other way...
            When NO pull up/down resistor is present, the pin is in an unstable
            state</summary>
        </member>
        <member name="F:csGPIO.GPIO.PullUpDownMode.Disable">
            <summary>Put pin back in a tri-state or floating state</summary>
        </member>
        <member name="F:csGPIO.GPIO.PullUpDownMode.PullDown">
            <summary>Pull down (default to 0)</summary>
        </member>
        <member name="F:csGPIO.GPIO.PullUpDownMode.PullUp">
            <summary>Pull up (default to 1)</summary>
        </member>
        <member name="F:csGPIO.GPIO.PullUpDownMode.Ignore">
            <summary>Do not change anything</summary>
        </member>
        <member name="T:csGPIO.GPIO.BoardGPIOLayout">
            <summary>Valid board layouts. This implicates BOARD to BCM 
            translations, and number of GPIO pins.</summary>
        </member>
        <member name="F:csGPIO.GPIO.BoardGPIOLayout.Pi1Rev1">
            <summary>Board layout is from early Pi1</summary>
        </member>
        <member name="F:csGPIO.GPIO.BoardGPIOLayout.Pi1Rev2">
            <summary>Board layout from later Pi1 or early Pi2</summary>
        </member>
        <member name="F:csGPIO.GPIO.BoardGPIOLayout.Pi2">
            <summary>Board layout from Pi2+</summary>
        </member>
        <member name="T:csGPIO.GPIO.PinLevel">
            <summary>Valid pin levels</summary>
        </member>
        <member name="F:csGPIO.GPIO.PinLevel.LOW">
            <summary>LOW, 0</summary>
        </member>
        <member name="F:csGPIO.GPIO.PinLevel.HIGH">
            <summary>HIGH, 1</summary>
        </member>
        <member name="F:csGPIO.GPIO.GPIO_DETECT_RISING_EDGE">
            <summary>Raise interrupt when Edge is Rising</summary>
        </member>
        <member name="F:csGPIO.GPIO.GPIO_DETECT_FALLING_EDGE">
            <summary>Raise interrupt when Edge is Falling</summary>
        </member>
        <member name="F:csGPIO.GPIO.GPIO_DETECT_HIGH">
            <summary>Raise interrupt when pin went HIGH</summary>
        </member>
        <member name="F:csGPIO.GPIO.GPIO_DETECT_LOW">
            <summary>Raise interrupt when pin went LOW</summary>
        </member>
        <member name="F:csGPIO.GPIO.GPIO_DETECT_ASYNC_RISING_EDGE">
            <summary>Raise interrupt when Edge is Rising (using different clk)</summary>
        </member>
        <member name="F:csGPIO.GPIO.GPIO_DETECT_ASYNC_FALLING_EDGE">
            <summary>Raise interrupt when Edge is Falling (using different clk)</summary>
        </member>
        <member name="T:csGPIO.GPIO.PinEventStruct">
            <summary>
            A struct keeping all neccessary parameters for edge detection set-up.
            </summary>
        </member>
        <member name="F:csGPIO.GPIO.PinEventStruct.Callback">
            <summary>The method to call when interrupts arrive</summary>
        </member>
        <member name="F:csGPIO.GPIO.PinEventStruct.Pin">
            <summary>The pin to monitor</summary>
        </member>
        <member name="F:csGPIO.GPIO.PinEventStruct.DetectionMode">
            <summary>The edge detection mode</summary>
        </member>
        <member name="F:csGPIO.GPIO.PinEventStruct.BouncePeriod">
            <summary>How many milli seconds until a new interrupt
            can be raised on this pin</summary>
        </member>
        <member name="F:csGPIO.GPIO.PinEventStruct.LastInterrupt">
            <summary>Holding the last time stamp for an interrupt</summary>
        </member>
        <member name="T:csGPIO.GPIO.PinStateChanged">
            <summary>
            A template for your PinStateChanged handler
            </summary>
            <param name="pin"></param>
            <created>gr,24.08.2018</created>
        </member>
        <member name="M:csGPIO.GPIO.Shutdown">
            <summary>
            OK, I'm tired. Wanna go to bed.
            Clean up stuff before exit
            MUST call this before exiting
            Zzzzzzzzzzz
            </summary>
            <created>gr,24.08.2018</created>
        </member>
        <member name="M:csGPIO.GPIO.GetPEDSRegisters">
            <summary>
            List all Edge Detect Enable registers + the actual status register (PEDS)
            Handy little sucker for debug purposes. The values are listed so you can index
            using the GPIO_DETECT_XXX constants. The status register is on position 0
            </summary>
            <returns>A list of register values</returns>
            <see cref="F:csGPIO.GPIO.GPIO_DETECT_RISING_EDGE"/>
            <see cref="F:csGPIO.GPIO.GPIO_DETECT_FALLING_EDGE"/>
            <see cref="F:csGPIO.GPIO.GPIO_DETECT_HIGH"/>
            <see cref="F:csGPIO.GPIO.GPIO_DETECT_LOW"/>
            <see cref="F:csGPIO.GPIO.GPIO_DETECT_ASYNC_RISING_EDGE"/>
            <see cref="F:csGPIO.GPIO.GPIO_DETECT_ASYNC_RISING_EDGE"/>
            <created>gr,24.08.2018</created>
        </member>
        <member name="M:csGPIO.GPIO.GetRegisterValue32(System.Int64)">
            <summary>
            Helper method to return a single register value (32 bit)
            </summary>
            <param name="register">Register to read</param>
            <returns>32 bit integer</returns>
            <created>gr,24.08.2018</created>
        </member>
        <member name="M:csGPIO.GPIO.GetRegisterValue64(System.Int64)">
            <summary>
            Helper method to return a complete register value (64 bit). Usually the bit masked
            registers comes in pairs as we have 54 pins = 54 bit > 32 bit integer. This
            method reads both registers at once.
            </summary>
            <param name="register">Register to read</param>
            <returns>64 bit long</returns>
            <created>gr,24.08.2018</created>
        </member>
        <member name="M:csGPIO.GPIO.GetBoardPinNames">
            <summary>
            Return a list of PIN names for the current board. The list is indexed after
            BOARD pin numbers. That means the first entry (0) is N/A as the board
            starts its numbering on pin 1
            </summary>
            <returns>List of pin names</returns>
            <created>gr,24.08.2018</created>
        </member>
        <member name="M:csGPIO.GPIO.GetBoardInfo">
            <summary>
            Returns board info for running platform
            </summary>
            <returns>Current boards information</returns>
            <created>gr,24.08.2018</created>
        </member>
        <member name="M:csGPIO.GPIO.SetMode(csGPIO.GPIO.PinNumberingScheme)">
            <summary>
            Setting PIN MODE. Default is BCM mode
            </summary>
            <param name="mode">PinMode.BCM or PinMode.BOARD. Your choice.</param>
            <see cref="T:csGPIO.GPIO.PinNumberingScheme"/>
            <created>gr,24.08.2018</created>
        </member>
        <member name="M:csGPIO.GPIO.Setup(System.Int32,csGPIO.GPIO.PinMode)">
            <summary>
            Initialize a pin to a certain function. IN+OUT and all ALT modes supported
            </summary>
            <param name="pin">PIN to set-up</param>
            <param name="iomode">The mode to use</param>
            <see cref="T:csGPIO.GPIO.PinMode"/>
            <created>gr,24.08.2018</created>
        </member>
        <member name="M:csGPIO.GPIO.Setup(System.Int32,csGPIO.GPIO.PinMode,csGPIO.GPIO.PullUpDownMode)">
            <summary>
            Setup GPIO pin, and add PullUP / PullDown setting
            </summary>
            <param name="pin">PIN to set-up</param>
            <param name="iomode">The mode to use</param>
            <param name="pupdMode">Directly initialize a pull up/down</param>
            <see cref="T:csGPIO.GPIO.PinMode"/>
            <created>gr,24.08.2018</created>
        </member>
        <member name="M:csGPIO.GPIO.Read(System.Int32)">
            <summary>
            Read value of GPIO pin
            </summary>
            <param name="pin">Pin to read</param>
            <returns>0 or 1 for HIGH or LOW</returns>
            <created>gr,24.08.2018</created>
        </member>
        <member name="M:csGPIO.GPIO.WriteAllPinValues(System.Int32)">
            <summary>
            Nifty. Sets ALL pins to the given value
            </summary>
            <param name="pinLevel">0 or 1. HIGH or LOW</param>
            <created>gr,24.08.2018</created>
        </member>
        <member name="M:csGPIO.GPIO.ReadAllPinValues">
            <summary>
            Helper method to read ALL pin values
            </summary>
            <returns>Bit mask for ALL pin values</returns>
            <created>gr,24.08.2018</created>
        </member>
        <member name="M:csGPIO.GPIO.Write(System.Int32,csGPIO.GPIO.PinLevel)">
            <summary>
            Set value of GPIO pin. Includes checking and is 270 KHz slower than SetXXXBCM methods
            </summary>
            <param name="pin">Pin to change</param>
            <param name="level">0 or 1. HIGH or LOW</param>
            <created>gr,24.08.2018</created>
        </member>
        <member name="M:csGPIO.GPIO.SetHighBCM(System.Int32)">
            <summary>
            Helper method to set a PIN HIGH. Only supports BCM mode. Made for performance
            </summary>
            <param name="bcmPIN">Pin to set HIGH</param>
            <created>gr,24.08.2018</created>
        </member>
        <member name="M:csGPIO.GPIO.SetLowBCM(System.Int32)">
            <summary>
            Helper method to set a PIN LOW. Only supports BCM mode. Made for performance
            </summary>
            <param name="bcmPIN">Pin to set LOW</param>
            <created>gr,24.08.2018</created>
        </member>
        <member name="M:csGPIO.GPIO.GetSystemTicks">
            <summary>
            Reads the 1 MHz clock tick count on a RPi GPIO, and the up to 1GHz clock count
            from a HPET timer on the EMU. The system ticks are converted to microseconds
            for your convenience.
            </summary>
            <returns>Microseconds since the implemented ticker stared ticking. You
            should not convert this to an actual timestamp, as it would not make sense.
            </returns>
            <created>gr,24.08.2018</created>
        </member>
        <member name="M:csGPIO.GPIO.SoftPWMStopAll">
            <summary>
            Stops all running PWM generators
            </summary>
            <created>gr,24.08.2018</created>
        </member>
        <member name="M:csGPIO.GPIO.SoftPWMStop(System.Int32)">
            <summary>
            Stop and clean up the PWM on a certain pin. 
            </summary>
            <param name="port">Stop PWM on this pin</param>
            <seealso cref="M:csGPIO.GPIO.SoftPWMStart(System.Int32,System.Int32)"/>
            <created>gr,24.08.2018</created>
        </member>
        <member name="M:csGPIO.GPIO.SoftPWMStart(System.Int32,System.Int32)">
            <summary>
            The RPi has a couple of PWM generators, but this implementation will work on
            any OUTPUT willing pin.
            </summary>
            <param name="port">Start PWM on this pin</param>
            <param name="frequency">The wanted carrier frequency</param>
            <created>gr,24.08.2018</created>
        </member>
        <member name="M:csGPIO.GPIO.SoftPWMStart(System.Int32,System.Int32,System.Single)">
            <summary>
            Initializes a PWM on any PIN while setting an initial duty cycle.
            </summary>
            <param name="port">Start PWM on this pin</param>
            <param name="frequency">The wanted carrier frequency</param>
            <param name="initialPower">Ranges from 0.0f to 1.0f</param>
            <created>gr,24.08.2018</created>
        </member>
        <member name="M:csGPIO.GPIO.PerformanceTest">
            <summary>
            Fooling around with performance testing 
            </summary>
            <created>gr,24.08.2018</created>
        </member>
        <member name="M:csGPIO.GPIO.usleep(System.Int64)">
            <summary>
            Uses the SYST_CLOCK to sleep with micrsecond precision.
            </summary>
            <param name="microsToSleep">1 to long.MaxValue but I would have used
            timers for anything more than a few seconds.</param>
            <created>gr,24.08.2018</created>
        </member>
        <member name="M:csGPIO.GPIO.IsPWMStarted(System.Int32)">
            <summary>
            Do we have a live PWM on this pin?
            </summary>
            <param name="pin">*This* pin?</param>
            <returns>Yay or Nay</returns>
            <created>gr,24.08.2018</created>
        </member>
        <member name="M:csGPIO.GPIO.PWMSetPower(System.Int32,System.Single)">
            <summary>
            Sets the duty cycle for a running PWM. Shorter DC converts to less power. If
            you connect a LED to this PWM then it will fade as power decreases.
            Read up on PWM on Google.
            </summary>
            <param name="pin">PWM pin</param>
            <param name="power">0.0f to 1.0f</param>
            <created>gr,24.08.2018</created>
        </member>
        <member name="M:csGPIO.GPIO.SoftPWM_handler(System.Object)">
            <summary>
            The implementation of my Soft PWM. Simple.
            </summary>
            <param name="param">PWM paramters</param>
            <see cref="T:csGPIO.GPIO.PWMParameters"/>
            <created>gr,24.08.2018</created>
        </member>
        <member name="T:csGPIO.PinChangedEventArgs">
            <summary>
            Passed along the PinEventChanged event
            </summary>
        </member>
        <member name="M:csGPIO.PinChangedEventArgs.#ctor(System.Int64,System.Int64)">
            <summary>
            Default initializing constructor. It returns ALL pins that changed, and what
            value they changed TO.
            </summary>
            <param name="pinMask">All pins that changed</param>
            <param name="newValue">What value did they change to?</param>
            <returns></returns>
            <created>gr,24.08.2018</created>
        </member>
        <member name="P:csGPIO.PinChangedEventArgs.PinMask">
            <summary>Pin mask</summary>
        </member>
        <member name="P:csGPIO.PinChangedEventArgs.Value">
            <summary>New value</summary>
        </member>
        <member name="T:csGPIO.GPIOManager">
            <summary>
            Automatically instantiate GPIO implementation
            If run on an actual PI it connects to GPIO
            if not, it connects to an emulator
            </summary>
        </member>
        <member name="M:csGPIO.GPIOManager.GetGPIO">
            <summary>
            A static that returns a souitable GPIO instance. If run on non-pi it
            returns an emulator instance. NOTE: If this is a client you must first
            start the emulator on a separate process.
            </summary>
            <returns>The GPIO instance</returns>
            <created>gr,23.08.2018</created>
        </member>
        <member name="T:csGPIO.GPIOEmu">
             <summary>
             Emulates certain memory registers of the Rapberry PI.This allows coding and testing GPIO libraries
             on all architectures, as long as the library uses memory register access and not the sys method(device tree)
             Currently only GPIO and SYST(READ_CLK) regsiters are emulated.
             No interrups are handled, and the status register is not updated
             It is not intelligent, but provides a console GUI to toggle ports on and off + read status
             There is no need to "set mode" for any pins as this is not a piece of actual HW, it is just a
             memory mirror...
            
             NOTE: All methods require Broadcom numbering.
             
             </summary>
        </member>
        <member name="F:csGPIO.GPIOEmu._log">
            <summary>
            Internal log object
            </summary>
            <returns>ILogger</returns>
        </member>
        <member name="M:csGPIO.GPIOEmu.GetInstance">
            <summary>
            Make this class a singleton as we only need one running emulator
            </summary>
            <returns></returns>
            <created>gr,24.08.2018</created>
        </member>
        <member name="M:csGPIO.GPIOEmu.IsEmulated">
            <summary>
            Always returning true as this is an EMULATOR
            </summary>
            <returns>true</returns>
            <created>gr,24.08.2018</created>
        </member>
        <member name="M:csGPIO.GPIOEmu.UpdatePinLevel(System.Int64,System.Int64,System.Boolean)">
            <summary>
            This method emulates the hardware GPIO in moving values from SET and CLR 
            register over to the actual status register-
            </summary>
            <param name="sourceRegister">Either SET or CLR register</param>
            <param name="destinationRegister">Status register</param>
            <param name="setBits">Set or unset bits</param>
            <created>gr,24.08.2018</created>
        </member>
        <member name="M:csGPIO.GPIOEmu.UpdatePEDSMask">
            <summary>
            An Edge Detection has been updated
            Read all registers and OR them together as this emulator
            only emulates HIGH->LOW or LOW->HIGH transitions
            </summary>
            <created>gr,24.08.2018</created>
        </member>
        <member name="M:csGPIO.GPIOEmu.HardwareEmulationLoop">
            <summary>
            This method is emulating the GPIO board's write registers
            and interrupt handlers.
            </summary>
            <created>gr,24.08.2018</created>
        </member>
        <member name="M:csGPIO.GPIOEmu.StartTimerEmulation">
            <summary>
            Start an event timer to update the SYST_CLK value
            </summary>
            <created>gr,24.08.2018</created>
        </member>
        <member name="M:csGPIO.GPIOEmu.TimerTick">
            <summary>
            This method emulates the hardware timer in RPi. It basically
            feeds the SYST_CLK register with clock ticks in microsecond resolution
            
            </summary>
            <created>gr,24.08.2018</created>
        </member>
        <member name="M:csGPIO.GPIOEmu.ValidateAndXlatePIN(System.Int32,csGPIO.GPIO.PinMode)">
            <summary>
            Only supports BCM numbering, for now.
            </summary>
            <param name="pin">Makes no sense. Whatever you put in here...</param>
            <param name="mode">just for compatibility, ignore</param>
            <returns>... ends up here</returns>
            <created>gr,24.08.2018</created>
        </member>
        <member name="M:csGPIO.GPIOEmu.LoadBoardInfo">
            <summary>
            Returns an emulator board. Currently that is the 3B+
            </summary>
            <returns>3B+ specs</returns>
            <see cref="T:csGPIO.BoardInfo"/>
            <created>gr,24.08.2018</created>
        </member>
        <member name="M:csGPIO.GPIOEmu.MapIOMemory">
            <summary>
            Overrides the GPIO method, as the emulator must CREATE the memory mapped file
            so the client GPIO implementation have a file to open.
            It also does a 'chmod 777 /dev/mem_emu' on unix.
            </summary>
            <exception cref="T:csGPIO.GPIOException">Thrown if unable to create or map /dev/mem_emu file</exception>
            <created>gr,24.08.2018</created>
        </member>
        <member name="M:csGPIO.GPIOEmu.usleep(System.Int64)">
            <summary>
            This is the emulator version of usleep. reading from SYST_CLK is SLOW
            </summary>
            <param name="microsToSleep">Number of usecs to sleep</param>
            <created>gr,24.08.2018</created>
        </member>
        <member name="M:csGPIO.GPIOEmu.Shutdown">
            <summary>
            It is soon 2 AM and I am tired for real. Better go to sleep, but first clean
            up my mess so I can start fresh first thing in the morning. It is morning.
            Whatever. nice way of terminating.
            </summary>
            <created>gr,24.08.2018</created>
        </member>
        <member name="T:csGPIO.Logging.ILogger">
            <summary>
            The ILogger interface defines all valid log types
            for the internal logger
            </summary>
        </member>
        <member name="M:csGPIO.Logging.ILogger.Trace(System.String)">
            <summary>
            Prints the logg message with the TRACE level.
            TRACE is pretty verbose so use it wisely
            </summary>
            <param name="message">The message to log.</param>
        </member>
        <member name="M:csGPIO.Logging.ILogger.Debug(System.String)">
            <summary>
            Prints the logg message with the DEBUG level
            </summary>
            <param name="message">The message to log.</param>
        </member>
        <member name="M:csGPIO.Logging.ILogger.Warn(System.String)">
            <summary>
            Prints the logg message with the WARN level
            </summary>
            <param name="message">The message to log.</param>
        </member>
        <member name="M:csGPIO.Logging.ILogger.Info(System.String)">
            <summary>
            Prints the logg message with the INFO level
            </summary>
            <param name="message">The message to log.</param>
        </member>
        <member name="M:csGPIO.Logging.ILogger.Error(System.String)">
            <summary>
            Prints the logg message with the ERROR level
            </summary>
            <param name="message">The message to log.</param>
        </member>
        <member name="M:csGPIO.Logging.ILogger.Critical(System.String)">
            <summary>
            Prints the logg message with the CRITICAL level
            </summary>
            <param name="message">The message to log.</param>
        </member>
        <member name="M:csGPIO.Logging.ILogger.Trace(System.String,System.Exception)">
            <summary>
            Prints the logg message with the TRACE level.
            TRACE is pretty verbose so use it wisely
            </summary>
            <param name="message">The message to log.</param>
            <param name="innerException">The inner exception thrown.</param>
        </member>
        <member name="M:csGPIO.Logging.ILogger.Debug(System.String,System.Exception)">
            <summary>
            Prints the logg message with the DEBUG level.
            </summary>
            <param name="message">The message to log.</param>
            <param name="innerException">The inner exception thrown.</param>
        </member>
        <member name="M:csGPIO.Logging.ILogger.Warn(System.String,System.Exception)">
            <summary>
            Prints the logg message with the WARN level.
            </summary>
            <param name="message">The message to log.</param>
            <param name="innerException">The inner exception thrown.</param>
        </member>
        <member name="M:csGPIO.Logging.ILogger.Info(System.String,System.Exception)">
            <summary>
            Prints the logg message with the INFO level.
            </summary>
            <param name="message">The message to log.</param>
            <param name="innerException">The inner exception thrown.</param>
        </member>
        <member name="M:csGPIO.Logging.ILogger.Error(System.String,System.Exception)">
            <summary>
            Prints the logg message with the ERROR level.
            </summary>
            <param name="message">The message to log.</param>
            <param name="innerException">The inner exception thrown.</param>
        </member>
        <member name="M:csGPIO.Logging.ILogger.Critical(System.String,System.Exception)">
            <summary>
            Prints the logg message with the CRITICAL level.
            </summary>
            <param name="message">The message to log.</param>
            <param name="innerException">The inner exception thrown.</param>
        </member>
        <member name="M:csGPIO.Logging.ILogger.IsDebug">
            <summary>
            Prints the logg message with the DEBUG level.
            </summary>
            <returns>
            True is the current log level is DEBUG or TRACE.false False 
            for all other levels.
            </returns>
        </member>
        <member name="T:csGPIO.Logging.InternalLoggerImpl">
            <summary>
            The Logger implementation for the internal logger
            </summary>
            <seealso cref="T:csGPIO.Logging.ILogger"/>
        </member>
        <member name="M:csGPIO.Logging.InternalLoggerImpl.#ctor(System.Type)">
            <summary>
            Default initializing constructor. Takes a type as logger name
            </summary>
            <param name="logname">Prefixes all output from this instance with the Name from logname type</param>
        </member>
        <member name="M:csGPIO.Logging.InternalLoggerImpl.#ctor(System.String)">
            <summary>
            Default initializing constructor. Takes a free text string as logger name
            </summary>
            <param name="logname">Prefixes all output from this instance with the text from logname</param>
        </member>
        <member name="M:csGPIO.Logging.InternalLoggerImpl.SetLevel(System.Int32)">
            <summary>
            Sets the log level.false Can be used after initialization.
            </summary>
            <param name="logLevel">The preferred log level</param>
            <see cref="T:csGPIO.Logging.LogLevel"/>
        </member>
        <member name="M:csGPIO.Logging.InternalLoggerImpl.Trace(System.String)">
            <summary>
            Logs the text with the TRACE priority.false This is used mainly for
            debugging and could create a massive amount of output.
            </summary>
            <param name="message">The message to log</param>
        </member>
        <member name="M:csGPIO.Logging.InternalLoggerImpl.Debug(System.String)">
            <summary>
            Logs text with the DEBUG priority. 
            </summary>
            <param name="message">The message to log</param>
        </member>
        <member name="M:csGPIO.Logging.InternalLoggerImpl.Warn(System.String)">
            <summary>
            Logs text with the WARN priority. 
            </summary>
            <param name="message">The message to log</param>
        </member>
        <member name="M:csGPIO.Logging.InternalLoggerImpl.Info(System.String)">
            <summary>
            Logs text with the INFO priority. 
            </summary>
            <param name="message">The message to log</param>
        </member>
        <member name="M:csGPIO.Logging.InternalLoggerImpl.Error(System.String)">
            <summary>
            Logs text with the ERROR priority. 
            </summary>
            <param name="message">The message to log</param>
        </member>
        <member name="M:csGPIO.Logging.InternalLoggerImpl.Critical(System.String)">
            <summary>
            Logs text with the CRITICAL priority. This should be used
            only if the underlying error or event makes further
            execution impossible or problematic.
            </summary>
            <param name="message">The message to log</param>
        </member>
        <member name="M:csGPIO.Logging.InternalLoggerImpl.IsDebug">
            <summary>
            Helper method to check if the current log level is DEBUG or TRACE
            </summary>
            <returns>True if log level >= DEBUG</returns>
        </member>
        <member name="M:csGPIO.Logging.InternalLoggerImpl.Trace(System.String,System.Exception)">
            <summary>
            Logs the text with the TRACE priority.false This is used mainly for
            debugging and could create a massive amount of output.
            Also includes the error message and stack trace from innerException
            </summary>
            <param name="message">The message to log</param>
            <param name="innerException">The exception leading to this message</param>
        </member>
        <member name="M:csGPIO.Logging.InternalLoggerImpl.Debug(System.String,System.Exception)">
            <summary>
            Logs text with the DEBUG priority. 
            Also includes the error message and stack trace from innerException
            </summary>
            <param name="message">The message to log</param>
            <param name="innerException">The exception leading to this message</param>
        </member>
        <member name="M:csGPIO.Logging.InternalLoggerImpl.Warn(System.String,System.Exception)">
            <summary>
            Logs text with the WARN priority. 
            Also includes the error message and stack trace from innerException
            </summary>
            <param name="message">The message to log</param>
            <param name="innerException">The exception leading to this message</param>
        </member>
        <member name="M:csGPIO.Logging.InternalLoggerImpl.Info(System.String,System.Exception)">
            <summary>
            Logs text with the INFO priority. 
            Also includes the error message and stack trace from innerException
            </summary>
            <param name="message">The message to log</param>
            <param name="innerException">The exception leading to this message</param>
        </member>
        <member name="M:csGPIO.Logging.InternalLoggerImpl.Error(System.String,System.Exception)">
            <summary>
            Logs text with the ERROR priority. 
            Also includes the error message and stack trace from innerException
            </summary>
            <param name="message">The message to log</param>
            <param name="innerException">The exception leading to this message</param>
        </member>
        <member name="M:csGPIO.Logging.InternalLoggerImpl.Critical(System.String,System.Exception)">
            <summary>
            Logs text with the CRITICAL priority. This should be used
            only if the underlying error or event makes further
            execution impossible or problematic.
            Also includes the error message and stack trace from innerException
            </summary>
            <param name="message">The message to log</param>
            <param name="innerException">The exception leading to this message</param>
        </member>
        <member name="T:csGPIO.Logging.InternalLogManager">
            <summary>
            This is the implementation of a logger. It is very basic
            and focuses mostly on file and console logging. It can log events
            to Event Logger (on Windows) and email as well, but that requires
            more config. It should probably be replaced by other logging mechanisms
            </summary>
        </member>
        <member name="M:csGPIO.Logging.InternalLogManager.InitializeConsoleLogger(System.Int32)">
            <summary>
            This method returns a basic console logger with the
            required log level.
            </summary>
            <param name="logLevel">Required log level</param>
            <see cref="T:csGPIO.Logging.LogLevel"/>
        </member>
        <member name="M:csGPIO.Logging.InternalLogManager.InitializeLogger(System.String)">
            <summary>
            This method returns a logger with settings according to
            the config file.
            An example config file:
            <para>
            &lt;logger&gt;
            
            &lt;email&gt;
                &lt;host&gt;127.0.0.1&lt;/host&gt;
                &lt;port&gt;25&lt;/port&gt;
                &lt;from_address&gt;noreply@mylogger.local&lt;/from_address&gt;
                &lt;from_displayname&gt;CrappySoftware&lt;/from_displayname&gt;
                &lt;to_address&gt;reciever@inter.net&lt;/to_address&gt;
                &lt;to_displayname&gt;[SYSTEM ERROR] System Logger&lt;/to_displayname&gt;
                &lt;subject&gt;Message from System Logger&lt;/subject&gt;
                &lt;threshold&gt;Warn&lt;/threshold&gt;
            &lt;/email&gt;
            
            &lt;file&gt;
                &lt;name&gt;%APP_DIR%system.log&lt;/name&gt;
                &lt;threshold&gt;Debug&lt;/threshold&gt;
            &lt;/file&gt;
            
            &lt;console&gt;
                &lt;threshold&gt;Debug&lt;/threshold&gt;
            &lt;/console&gt;
            
            &lt;event&gt;
                &lt;threshold&gt;Warn&lt;/threshold&gt;
                &lt;section&gt;crappysoftware&lt;/section&gt;
                &lt;key&gt;mysystem&lt;/key&gt;
            &lt;/event&gt;
            
            &lt;!-- Include names for all appenders that should be activated. Levels includes
                Debug, Info, Warn, Error and Critical
            --&gt;
            &lt;appenders level="Debug" format="%TS% [%LEVEL%] - %NAME%: %MESSAGE%%NL%"&gt;
                &lt;email /&gt;
                &lt;file /&gt;
                &lt;!-- &lt;console /&gt; --&gt;
                &lt;!-- &lt;event /&gt; --&gt;
            &lt;/appenders&gt;
            &lt;/logger&gt;             
            </para>
            </summary>
            <param name="confFile">An XML file with config parameters</param>        
        </member>
        <member name="M:csGPIO.Logging.InternalLogManager.IsDebug">
            <summary>
            Helper method to check if log level is DEBUG or TRACE
            </summary>
            <returns>True if log level is DEBUG or TRACE</returns>
        </member>
        <member name="M:csGPIO.Logging.InternalLogManager.Log(System.Int32,System.String,System.String)">
            <summary>
            Log a message if log level is 'level' or higher. 
            </summary>
            <param name="level">Message log level</param>
            <param name="name">Logger name</param>
            <param name="message">Message to log</param>
        </member>
        <member name="M:csGPIO.Logging.InternalLogManager.SetLevel(System.Int32)">
            <summary>
            Set the current logging level to a new level
            </summary>
            <param name="level">The new level to set</param>
        </member>
        <member name="M:csGPIO.Logging.InternalLogManager.SetConsoleLevel(System.Int32)">
            <summary>
            Special method to only change the log level for a console logger
            </summary>
            <param name="level">The new level to set</param>
        </member>
        <member name="M:csGPIO.Logging.InternalLogManager.GetCurrentLogLevel">
            <summary>
            Returns the current log level as a text
            </summary>
            <returns>Log level name</returns>
        </member>
        <member name="T:csGPIO.Logging.LoggerFactory">
            <summary>
            This is the class responsible for instantiating loggers for your code
            First you must initialize the logger. This can be done by coding 
            settings directly on the logger or provide a config file with 
            all the required settings. It is important that your Main or
            entry point method does this as soon as possible. If you do not
            configure anything you will be given a Console logger with DEBUG
            log level.
            
            To initialize:
            <code>
                ...
                public class MyClass {
                    private static ILogger _myLogger;  // Do not directly fetch a logger, as it is not yet iitialized
            
                    public MyClass() {
                        // Initialize a logger that tries to read config from InternalLogger.xml
                        // If log file not present a default console logger will be initialized.
                        LoggerFactory.InitLogger();
                        _myLogger.Info("Started MyMethod!");
                    }
                }
                ...
            
            </code>
            
            Or:
            
            <code>
                ...
                public class MyClass {
                    private static ILogger _myLogger;  // Do not directly fetch a logger, as it is not yet iitialized
            
                    public MyClass() {
                        // Initialize a console logger with INFO as log level
                        LoggerFactory.InitLogger(LogLevel.INFO);
                        _myLogger.Info("Started MyMethod!");
                    }
                }
                ...
            
            </code>
            
            Or:
            
            <code>
                ...
                public class MyClass {
                    private static ILogger _myLogger;  // Do not directly fetch a logger, as it is not yet iitialized
            
                    public MyClass() {
                        // Initialize a logger that reads it config from 'pathToConfigFile'
                        // If log file not present a default console logger will be initialized.
                        LoggerFactory.InitLogger(pathToConfigFile);
                        _myLogger.Info("Started MyMethod!");
                    }
                }
                ...
            
            </code>
            
            
            After initialization, use it like this:
            <code>
                ...
                public class MyOtherClass {
                    private static ILogger _myLogger = LoggerFactory.GetLogger(typeof(MyClass));
            
                    public void MyMethod() {
                        _myLogger.Info("Started MyMethod!");
                    }
                }
                ...
            </code>
            </summary>
        </member>
        <member name="M:csGPIO.Logging.LoggerFactory.InitLogger">
            <summary>
            Initializes a logger with config from InternalLogger.xml.
            The XML file must be present in the assembly path
            </summary>
        </member>
        <member name="M:csGPIO.Logging.LoggerFactory.InitLogger(System.Int32)">
            <summary>
            Initializes a default console logger with a user
            specified log level
            </summary>
            <param name="level">The log level to give this logger</param>
        </member>
        <member name="M:csGPIO.Logging.LoggerFactory.InitLogger(System.String)">
            <summary>
            Initializes a logger with config stored in 'confFile'
            </summary>
            <param name="confFile">The full path to a xml file containing logger settings</param>
        </member>
        <member name="M:csGPIO.Logging.LoggerFactory.IsInitialized">
            <summary>
            Has the logger been initialized?
            </summary>
            <returns>Guess</returns>
        </member>
        <member name="M:csGPIO.Logging.LoggerFactory.GetLogger(System.Type)">
            <summary>
            Fetches a new named logger to use in your class
            </summary>
            <param name="logName">Fetches the Name property from the given Type</param>
            <returns></returns>
        </member>
        <member name="M:csGPIO.Logging.LoggerFactory.GetRootLogger">
            <summary>
            Yeah, uhm, what did this do? I really don't remember the use case for this.
            Maybe as a default log instance?
            </summary>
            <returns>A 'root' logger</returns>
        </member>
        <member name="T:csGPIO.Logging.LogLevel">
            <summary>
            This class contains all valid log levels
            </summary>
        </member>
        <member name="F:csGPIO.Logging.LogLevel.INHERIT">
            <summary>
            Special level used by logging modules in config
            file. You can use this keyword to tell the modules
            to use the main log level used in the appenders section.
            </summary>
        </member>
        <member name="F:csGPIO.Logging.LogLevel.TRACE">
            <summary>
            Log level TRACE
            </summary>
        </member>
        <member name="F:csGPIO.Logging.LogLevel.DEBUG">
            <summary>
            Log level DEBUG
            </summary>
        </member>
        <member name="F:csGPIO.Logging.LogLevel.INFO">
            <summary>
            Log level INFO
            </summary>
        </member>
        <member name="F:csGPIO.Logging.LogLevel.WARN">
            <summary>
            Log level WARN
            </summary>
        </member>
        <member name="F:csGPIO.Logging.LogLevel.ERROR">
            <summary>
            Log level ERROR
            </summary>
        </member>
        <member name="F:csGPIO.Logging.LogLevel.CRITICAL">
            <summary>
            Log level CRITICAL
            </summary>
        </member>
        <member name="M:csGPIO.Logging.LogLevel.GetLevel(System.String)">
            <summary>
            Returns the log level from a log level description
            </summary>
            <param name="text">The log level to translate</param>
            <returns>Log level name</returns>
        </member>
        <member name="M:csGPIO.Logging.LogLevel.GetLevelDesc(System.Int32)">
            <summary>
            Returns the text description for any log level
            </summary>
            <param name="level">The log level to translate</param>
            <returns>Log level name</returns>
        </member>
        <member name="T:csGPIO.MMFileStream">
            <summary>
            Inherit the System.IO.FIleStream. This is due to the fact that the
            memory mapped file implementation in dotnet core does not work well
            with Unix 0 byte mapping files. It keeps seeking around and checking
            file size. This class overrides the Length property, and always
            returns a suitable lengt value.
            </summary>
            <seealso cref="T:System.IO.FileStream"/>
        </member>
        <member name="M:csGPIO.MMFileStream.#ctor(System.String,System.Int32)">
            <summary>
            Custom buffer length (for gpiomem)
            </summary>
            <param name="path">Path of the memory mapped file</param>
            <param name="length">The forced length to report</param>
            <returns></returns>
            <created>gr,23.08.2018</created>
        </member>
        <member name="P:csGPIO.MMFileStream.Length">
            <summary>Overrides the Length property of FileStream</summary>
        </member>
        <member name="T:csGPIO.RemoteCLI">
            <summary>
            TCP implementation of CLI. This enables remote access to the CLI using
            telnet client. Listening port and IP is configurable
            </summary>
        </member>
        <member name="T:csGPIO.RemoteCLI.StreamInput">
            <summary>
            Gives access to the underlying TCP connection stream. Used by the Client
            implementation
            </summary>
            <see cref="T:csGPIO.RemoteCLIClient"/>
        </member>
        <member name="M:csGPIO.RemoteCLI.#ctor">
            <summary>
            Constructor for setting up the TCP listener. 
            </summary>
            <returns></returns>
            <created>gr,24.08.2018</created>
        </member>
        <member name="M:csGPIO.RemoteCLI.ConsoleInput">
            <summary>
            Reading a line of text from the remote client
            </summary>
            <returns>The recieved command</returns>
            <created>gr,24.08.2018</created>
        </member>
        <member name="M:csGPIO.RemoteCLI.ConsoleOutput(System.String)">
            <summary>
            Outputs text to the remote client
            </summary>
            <param name="text">The text to send</param>
            <created>gr,24.08.2018</created>
        </member>
        <member name="M:csGPIO.RemoteCLI.ConsoleOutput(System.String,System.Boolean)">
            <summary>
            Outputs text to the remote client
            </summary>
            <param name="text">The text to send</param>
            <param name="newLine">If True a NEWLINE is appended to the text</param>
            <created>gr,24.08.2018</created>
        </member>
        <member name="T:csGPIO.RemoteCLI.ListenerParams">
            <summary>
            Parameter struct for the main TCP listener
            </summary>
        </member>
        <member name="F:csGPIO.RemoteCLI.ListenerParams.port">
            <summary>
            TCP port to listen to
            </summary>
        </member>
        <member name="F:csGPIO.RemoteCLI.ListenerParams.allowMultipleClients">
            <summary>
            Allow multiple clients to connect to the emulator?
            </summary>
            <remarks>Multiple clients is not a good idea at the current implementation
            level. It might lead to race conditions and Bad Things (tm)</remarks>
        </member>
        <member name="M:csGPIO.RemoteCLI.Listener(System.Object)">
            <summary>
            Connection listener.
            </summary>
            <param name="param">Parameters for the listener</param>
            <see cref="T:csGPIO.RemoteCLI.ListenerParams"/>
            <created>gr,24.08.2018</created>
        </member>
        <member name="M:csGPIO.RemoteCLI.WelcomeBanner">
            <summary>
            Outputs a default 'welcome' prompt
            </summary>
            <created>gr,24.08.2018</created>
        </member>
        <member name="T:csGPIO.RemoteCLIClient">
            <summary>
            The TCP Client implementation for a remote CLI. This class represents the client
            and is responsible for all IO
            </summary>
        </member>
        <member name="M:csGPIO.RemoteCLIClient.#ctor(System.Net.Sockets.TcpClient,csGPIO.RemoteCLI.StreamInput,System.Int32)">
            <summary>
            Public constructor to set up the client connection
            </summary>
            <param name="client">The client asking to be connected</param>
            <param name="streamInput">The actual connection stream</param>
            <param name="connectionID">A connection ID</param>
            <returns></returns>
            <created>gr,24.08.2018</created>
        </member>
        <member name="M:csGPIO.RemoteCLIClient.IsConnected">
            <summary>
            Ahhh, Tcp connections.. are you connected?? Hello??? YES!.... NO :(
            This might work, and again it might not. In the end an IOException is
            bound to happen
            </summary>
            <returns>True if (apparently) connected</returns>
            <created>gr,24.08.2018</created>
        </member>
        <member name="M:csGPIO.RemoteCLIClient.Write(System.String)">
            <summary>
            Sends some data down the stream to the client. It also checks if the connection
            is broken or down, as this is where you eventually will know.
            </summary>
            <param name="text">The text to ship</param>
            <created>gr,24.08.2018</created>
        </member>
        <member name="M:csGPIO.RemoteCLIClient.ReadLine">
            <summary>
            Reads data from the remote client. Connection validation is  done here
            </summary>
            <returns>The received string. Or empty</returns>
            <created>gr,24.08.2018</created>
        </member>
        <member name="T:TsGPIOLib.Modules.PerformanceTimer">
            <summary>
            
            </summary>
        </member>
        <member name="M:TsGPIOLib.Modules.PerformanceTimer.#ctor">
            <summary>
            
            </summary>
            <returns></returns>
            <created>gr,27.08.2018</created>
        </member>
        <member name="T:OSTools">
            <summary>
            This class implements OS spesiffic methods used by the GPIO library 
            </summary>
        </member>
        <member name="F:OSTools.CHMOD_THE_777">
            <summary>The (in)famous 0777 mode</summary>
        </member>
        <member name="F:OSTools.CHMOD_USER_ALL">
            <summary>ALL right for USER</summary>
        </member>
        <member name="F:OSTools.CHMOD_USER_READ">
            <summary>Read right for USER</summary>
        </member>
        <member name="F:OSTools.CHMOD_USER_WRITE">
            <summary>Write rights for USER</summary>
        </member>
        <member name="F:OSTools.CHMOD_USER_EXECUTE">
            <summary>Execute rights for USER</summary>
        </member>
        <member name="F:OSTools.CHMOD_GROUP_ALL">
            <summary>Read right for GROUP</summary>
        </member>
        <member name="F:OSTools.CHMOD_GROUP_READ">
            <summary>Read right for GROUP</summary>
        </member>
        <member name="F:OSTools.CHMOD_GROUP_WRITE">
            <summary>Write rights for GROUP</summary>
        </member>
        <member name="F:OSTools.CHMOD_GROUP_EXECUTE">
            <summary>Execute rights for GROUP</summary>
        </member>
        <member name="F:OSTools.CHMOD_OTHER_ALL">
            <summary>Read right for OTHER</summary>
        </member>
        <member name="F:OSTools.CHMOD_OTHER_READ">
            <summary>Read right for OTHER</summary>
        </member>
        <member name="F:OSTools.CHMOD_OTHER_WRITE">
            <summary>Write rights for OTHER</summary>
        </member>
        <member name="F:OSTools.CHMOD_OTHER_EXECUTE">
            <summary>Execute rights for OTHER</summary>
        </member>
        <member name="M:OSTools.ChMod(System.String,System.Int32)">
            <summary>
            Wrapper for the unix 'chmod' command
            </summary>
            <param name="path"></param>
            <param name="mode"></param>
            <created>gr,24.08.2018</created>
        </member>
        <member name="M:OSTools.GetRunningOS">
            <summary>
            Fetching the underlying OS
            </summary>
            <returns>The OS as a string: unix, windows, and whatever dot net core sees fit</returns>
            <created>gr,24.08.2018</created>
        </member>
        <member name="M:OSTools.IsUnix">
            <summary>
            Helper method
            </summary>
            <returns>True if OS is unix</returns>
            <created>gr,24.08.2018</created>
        </member>
        <member name="M:OSTools.IsWindows">
            <summary>
            Helper method
            </summary>
            <returns>True if OS is windows</returns>
            <created>gr,24.08.2018</created>
        </member>
    </members>
</doc>
